id;name;description;start_date;streak;target_streak
1;withdrawal Avon rich;payment matrices payment;2024-08-01;41718;99218
2;deposit;bifurcated virtual;2024-08-01;99818;46795
3;Stream Human state;Quality proactive;2024-08-01;1959;28136
4;Pizza synthesizing Pa'anga;Squares optical;2024-08-01;67423;83396
5;Movies bypass Avon;Orchestrator integrate;2024-08-01;45984;22898
6;TCP ADP Executive;Engineer navigate;2024-08-01;91635;19018
7;Technician;Legacy THX;2024-08-01;14730;22436
8;Florida;mission-critical copying;2024-08-01;57522;12172
9;parse York;Vision-oriented;2024-08-01;67369;17207
10;Bike enhance;GB Toys;2024-07-31;71842;30344
